#m	sigma	Xa	Xv	rho	e	Re*	M*	M
945.573	0.05	951.501	953.883	0.000865744	0.191722	7.51594	0.221145	1.63405
