#m	sigma	Xa	Xv	rho	e	Re*	M*	M
77.0734	0.137946	80.8286	82.3814	0.00664644	0.175295	3.15018	0.256821	1.89766
