#m	sigma	Xa	Xv	rho	e	Re*	M*	M
14.4845	0.904213	111.841	253.328	0.00193695	0.05	2.13608	0.0940106	0.69465
