#m	sigma	Xa	Xv	rho	e	Re*	M*	M
800	1.49999	221801	2.10433e+06	0.0005	1	45.7214	1.02236	7.55428
