#m	sigma	Xa	Xv	rho	e	Re*	M*	M
997.023	1.5	276447	2.62285e+06	0.000404758	0.230191	12.4417	0.25031	1.84955
