#m	sigma	Xa	Xv	rho	e	Re*	M*	M
489.562	0.05	492.631	493.864	0.000838187	0.174329	7.02142	0.20328	1.50205
