#m	sigma	Xa	Xv	rho	e	Re*	M*	M
999.873	0.05	1006.14	1008.66	0.0015429	0.154709	4.93864	0.193989	1.4334
