#m	sigma	Xa	Xv	rho	e	Re*	M*	M
78.539	0.222729	88.9092	93.4311	0.00425603	0.359128	6.50487	0.424366	3.13566
